INSERT INTO TIPOS_HECHIZOS (ID, NOMBRE) VALUES
(1, 'Instantáneo'),
(2, 'Canalizado'),
(3, 'Conjurado'),
(4, 'Pasivo'),
(5, 'Libre');

INSERT INTO TIPOS_OBJETIVOS (ID, Nombre) VALUES
(1, 'Único'),
(2, 'Múltiple'),
(3, 'Área'),
(4, 'Yo');

INSERT INTO TIPOS_ESCUELAS (ID, NOMBRE) VALUES
(1, 'Sombrío'),
(2, 'Arcano'),
(3, 'Natural'),
(4, 'Divino'),
(5, 'Vil');

INSERT INTO CLASES (ID, COLOR, NOMBRE) VALUES
(1, '9382c9', 'Brujo'),
(2, '7fb5b5', 'Mago'),
(3, '0070DD', 'Chamán'),
(4, 'ffffff', 'Sacerdote'),
(5, 'b86b24', 'Druida'),
(6, 'AAD369', 'Cazador');


INSERT INTO TALENTOS (ID, ID_CLASE, COLOR, NOMBRE) VALUES
(1, 1, '5e367c', 'Demonología'),
(2, 1, '1b0425', 'Sombras'),
(3, 1, '2b3f3b', 'Aflicción'),
(4, 1, '7bb639', 'Vil'),
(5, 1, '800000', 'Destrucción'),
(6, 2, '95b0c5', 'Escarcha'),
(7, 2, 'ff5a36', 'Fuego'),
(8, 2, 'a03472', 'Arcano'),
(9, 3, '00a0a0', 'Elemental'),
(10, 3, '5F68D1', 'Mejora'),
(11, 3, '577841', 'Recuperación'),
(12, 4, 'def1fd', 'Disciplina'),
(13, 4, 'ffb646', 'Sagrado'),
(14, 4, '1b0425', 'Sombras'),
(15, 5, '914145', 'Feral'),
(16, 5, '84594e', 'Equilibrio'),
(17, 5, '849e48', 'Restauración'),
(18, 3, '49678d', 'Espiritual'),
(19, 3, '6a5acd', 'Tótems'),
(20, 6, 'e9a036', 'Bestias'),
(21, 6, 'b5423c', 'Punteria'),
(22, 6, '3f5e33', 'Supervivencia');

INSERT INTO HECHIZOS (ID, ID_CLASE, ID_TALENTO, ID_ESCUELA, NOMBRE, COSTE, REQUISITO, LVL, ID_OBJETIVO, ID_TIPO, NUM_TIPO, DURACION, ALCANCE, EFECTO, FECHA_MODIFICACION, LEGENDARIO) VALUES
(1, 2, 8, 2, 'Misiles arcanos', 1, '', 1, 1, 2, 3, 'Concentración', 40, 'Por cada ronda canalizado lanza un misil arcano que inflige 1D6 de daño', '2021-11-16', 0),
(2, 2, 8, 2, 'Explosión arcana', 1, '', 1, 3, 1, 0, 'Inmediato', 20, 'Explosión arcana en el area que rodea al mago que causa 1d4 de daño en área. Si el resultado es 4 consigue empujar a los enemigos lejos de mago.', '2021-11-16', 0),
(3, 2, 8, 2, 'Robar hechizo', 2, '', 5, 1, 1, 0, '2 Rondas', 40, 'Roba un efecto magico beneficioso del objetivo de forma temporal. El coste aumenta según la diferencia de nivel del objetivo.', '2021-11-16', 0),
(4, 2, 8, 2, 'Cleptomanía', 0, 'Conocer Robar hechizo', 6, 1, 4, 0, 'Siempre', 0, 'Robar hechizo afecta todos los efectos magicos beneficiosos del objetivo', '2021-11-15', 0),
(5, 2, 8, 2, 'Evocación', 0, '', 6, 4, 2, 4, 'Concentración', 0, 'Canaliza el mana a tu alrededor en un torbellino de energía pura y restaura el 50% de tu mana máx por turno. El efecto se reduce a la mitad por cada lanzamiento de este hechizo sin realizar un descanso.', '2021-11-16', 0),
(6, 2, 8, 2, 'Estela', 2, '', 6, 4, 1, 0, 'Inmediato', 0, 'Tu siguiente hechizo canalizado se puede lanzar en movimiento. Esquivar mientras canaliza ya no penaliza', '2021-11-16', 0),
(7, 2, 8, 2, 'Reflejo exacto', 3, '', 5, 4, 1, 0, '2 Rondas', -1, 'Crea cerca de ti un numero de copias de ti mismo que realiza tus mismas acciones provocando la mitad de daño. El daño directo disipa tus copias. Puedes consumir máx 2 maná extra para crear dos copias más.', '2021-11-16', 0),
(8, 2, 8, 2, 'Invisibilidad', 2, '', 3, 4, 1, 0, '10 Rondas', 0, 'Te desvaneces poco a poco durante 1 ronda antes de volverte invisible. Al lanzar hechizos o atacar pierde el efecto.', '2021-11-16', 0),
(9, 2, 8, 2, 'Invisibilidad en masa', 4, '', 5, 3, 1, 0, '2 Rondas', 30, 'Te haces invisible a ti y tus aliados. Al lanzar hechizos o atacar pierden el efecto.', '2021-11-16', 0),
(10, 2, 8, 2, 'Escudo temporal', 2, '', 4, 4, 1, 0, '2 Rondas', 0, 'Te envuelve en un escudo temporalque te protege de todo el daño recibido pero al expirar el efecto lo recibes.', '2021-11-16', 0),
(11, 2, 8, 2, 'Alterar tiempo', 2, 'Conocer al menos 8 hechizos arcanos', 10, 4, 1, 0, '2 Rondas', 0, 'Altera el curso del tiempo y te devuelve a tu ubicación y salud cuando se lanzo por primera vez.', '2021-11-15', 0),
(12, 2, 8, 2, 'Polimorfia', 1, '', 3, 1, 3, 1, '30 mins', 30, 'Transforma al enemigo en un animal desorientado que no puede actacar durante hasta que reciba daño. Penalizador de 1 por cada nivel de diferencia entre el enemigo y el mago. El objetivo restaura 2D8 PV por turno mientras esta transformado.', '2021-11-16', 0),
(13, 2, 8, 2, 'Traslación', 1, '', 2, 4, 1, 0, 'Inmediato', 20, 'Te teletransporta 20m hacia delante o hasta llegar a un obstáculo, y te libera de enraizados y vínculos', '2021-11-16', 0),
(14, 2, 8, 2, 'Traslación mejorada', 0, 'Conocer Traslación', 5, 4, 4, 0, 'Siempre', 0, 'Traslación ignora obstáculos', '2021-11-16', 0),
(15, 2, 8, 2, 'Contrahechizo', 3, '', 5, 1, 1, 0, 'Inmediato', 60, 'Interrumpe el lanzamiento del hechizo enemigo y evita que lance hechizos de esa escuela de magia durante 2 rondas.', '2021-11-15', 0),
(16, 2, 6, 2, 'Descarga de escarcha', 1, '', 1, 1, 3, 1, 'Inmediato', 40, 'Lanza una descarga de escarcha al objetivo que provoca 2 de daño y reduce la DES del obj en -1 (acumulable)', '2008-10-03', 0),
(17, 2, 6, 2, 'Nova de escarcha', 1, '', 1, 1, 1, 0, '1 Ronda', 0, 'Congela las piernas de los objetivos que esten alrededor del mago impidiendo que se muevan.', '2021-11-16', 0),
(18, 2, 6, 2, 'Bloque de hielo', 4, '', 7, 1, 1, 0, '2 Rondas', 0, 'El mago genera un bloque de hielo a su alrededor lo que aumenta su DEF en +15 y lo saca de combate durante 2 rondas. No puedes lanzar hechizos en este estado. Puedes derretir el bloque antes de tiempo como accion libre.', '2021-11-15', 0),
(19, 2, 6, 2, 'Hipotermia', 1, 'El objetivo debe sufrir efectos de estado de escarcha.', 4, 1, 1, 0, 'Inmediato', 0, 'Tu siguiente hechizo de hielo no se puede resistir.', '2021-11-16', 0),
(20, 2, 6, 2, 'Pica glacial', 3, '', 3, 1, 3, 0, 'Inmediato', 40, 'Enorme pua de hielo que provoca 3D6 de daño. Si el objetivo sufre efectos de escarcha provoca 1D6 adicional.', '2021-11-16', 0),
(21, 2, 6, 2, 'Rayo de escarcha', 2, 'Consume 1 PM extra por turno.', 7, 1, 2, 5, 'Concentración', 40, 'Canaliza un haz helado contra el enemigo que inflige 1D4 de daño por turno. Por cada turno reduce la DES del objetivo en -1. Si se canaliza hasta el final congela al enemigo durante un turno. ', '2021-11-16', 0),
(22, 2, 6, 2, 'Carámbanos', 1, 'Consume 1 de maná extra por cada carámbano.', 4, 2, 3, 1, 'Inmediato', 30, '1-5 Pedazo de hielo que inflige 1D6. Se hace una tirada de lanzamiento por cada uno.', '2021-11-15', 0),
(23, 2, 6, 2, 'Hielo fragmentado', 0, 'Conocer Lanza de hielo y Carámbanos', 7, 4, 4, 0, 'Siempre', 0, 'Lanza de hielo y Carámbanos generan fragmentos de hielo al impactar que infligen 1D4 de daño a enemigos cercanos.', '2021-11-16', 0),
(24, 2, 6, 2, 'Lanza de hielo', 5, '', 6, 1, 1, 0, 'Inmediato', 30, 'Crea una lanza de hielo que puede ser disparada rapidamente a un objetivo o usarse como arma cuerpo a cuerpo. 3D6 de daño. Si se dispara a un objetivo congelado hace 6D6 extra de daño.', '2021-11-16', 0),
(25, 2, 6, 2, 'Forma de hielo', 4, 'Conocer al menos 10 hechizos de escarcha.', 10, 1, 1, 0, 'Indeterminado', 0, 'Tu cuerpo se vuelve de hielo, tus hechizos de escarcha se tiran con ventaja. Además de aumentar tu DEF en 10 y RES MAG en 5. Eres inmune a efectos de estado. Si esta a punto de recibir daño letal se activa de forma automática sin coste. Alargar el efecto mas de 2 rondas puede tener consecuencias en el mago.', '2021-11-16', 0),
(26, 2, 7, 2, 'Bola de fuego', 1, '', 1, 1, 3, 1, 'Inmediato', 40, '1D6+2 de daño de fuego', '2008-10-03', 0),
(27, 2, 7, 2, 'Combustión', 1, '', 2, 1, 1, 0, 'Inmediato', 40, 'Quema al objetivo generando 1D6 daño de fuego y 1PV de daño de fuego durante 2 rondas.', '2021-11-15', 0),
(28, 2, 7, 2, 'Piroexplosion', 1, '', 2, 1, 3, 2, 'Inmediato', 40, '1D8+4 de daño de fuego', '2008-10-03', 0),
(29, 2, 7, 2, 'Metéoro', 1, '', 2, 3, 3, 1, '1 Ronda', 40, 'Invoca un meteorito que impacta en la ubicación seleccionada tras 1 ronda e inflige 2D4+2 de daño de fuego.', '2021-11-16', 0),
(30, 2, 7, 2, 'Cauterizar', 1, '', 2, 1, 1, 0, 'Inmediato', 0, 'Reduce el daño sufrido de un ataque a la mitad pero produce 1PV daño de quemadura por 1D4 rondas', '2021-11-15', 0),
(31, 2, 7, 2, 'Draco aliento', 2, '', 3, 1, 1, 0, 'Inmediato', 0, 'Genera una llamarada en un cono frente a ti que genera 2D4 de daño. Provoca quemaduras hasta la siguiente ronda.', '2021-11-16', 0),
(32, 2, 7, 2, 'Agostar', 1, '', 2, 1, 1, 0, 'Indeterminado', 40, 'Genera 1D6 de daño de fuego. Se tira con ventaja si el objetivo esta en llamas.', '2021-11-15', 0),
(33, 2, 7, 2, 'Avivar', 1, '', 4, 1, 1, 0, 'Inmediato', 30, 'Si el objetivo esta en llamas extiende su duración 1D6 rondas.', '2021-11-15', 0),
(34, 2, 7, 2, 'Acelerador de ignición', 1, '', 5, 1, 1, 0, 'Indeterminado', 0, 'El siguiente hechizo de fuego que lances tarda la mitad. No se aplica a instantáneos.', '2021-11-15', 0),
(35, 2, 7, 2, 'Velocidad frenética', 0, '', 6, 4, 4, 0, 'Siempre', 0, 'Despues de lanzar un hechizo instantaneo de fuego aumenta la DES en +1 durante el resto del combate hasta que sufras daño.', '2021-11-16', 0),
(36, 2, 7, 2, 'Bomba viva', 5, 'Conocer al menos 10 hechizos de fuego', 10, 1, 3, 1, '3 Rondas', 40, 'No se puede resistir. Convierte al objetivo en una bomba viva durante 3 rondas y explota generando 5D8 al objetivo y mitad los objetivos a su alrededor', '2021-11-15', 0),
(37, 4, 12, 4, 'Palabra de poder: barrera', 3, '3 Puntos de Fe', 3, 3, 3, 1, '1 Ronda', 40, 'Invoca una barrera bendita que protege a todos los aliados en la ubicación seleccionada reduciendo el daño en la mitad. El daño dentro de la barrera no interrumpe hechizos.', '2021-11-16', 0),
(38, 4, 12, 4, 'Palabra de poder: escudo', 1, '3 Puntos de Fe', 1, 2, 1, 0, '1 Ronda.', 40, 'Otorga un escudo que amortigua 1D6+MOD SAB de daño al objetivo o 1D4+MOD SAB en el área cercana al sacerdote.', '2021-11-16', 0),
(39, 4, 12, 4, 'Escarmiento', 0, '', 2, 2, 4, 0, 'Siempre', 0, 'Los escudos al consumirse explotan causando la mitad del daño amortiguado.', '2021-11-16', 0),
(40, 4, 13, 4, 'Ascensión divina', 0, '5 puntos de fé', 8, 4, 3, 1, 'Combate', 40, 'Adquieres alas espirituales que te permiten elevarte del combate y lanzar todos los hechizos de curación sagrada con ventaja. No permite lanzar ningún otro tipo de hechizos mientras sigas esta forma.', '2021-11-15', 0),
(41, 4, 13, 4, 'Círculo de sanación', 1, '5 Puntos de Fe', 10, 3, 3, 1, 'Inmediato', 40, 'Sana a los aliados cercanos en un radio de 15m del objetivo 1D12 por cada PM consumido.', '2021-11-16', 0),
(42, 4, 13, 4, 'Rezo de sanación', 1, '', 3, 1, 3, 1, 'Inmediato', 40, 'Cura a un objetivo 1D6+3', '2008-10-03', 0),
(43, 5, 16, 3, 'Enredos', 2, '', 2, 1, 3, 1, 'Indeterminado', 30, 'Enraiza a un objetivo durante 2D3 turnos. El daño provoca que las raices retrocedan.', '2021-11-16', 0),
(44, 5, 16, 3, 'Enredo masivo', 4, 'Conocer Enredos', 4, 1, 3, 1, 'Indeterminado', 30, 'Enraíza a un objetivo además de enraizar todo lo que esté alrededor del objetivo o del druida durante 2D6 turnos .', '2021-11-16', 0),
(45, 5, 16, 3, 'Cólera', 1, '', 1, 1, 3, 1, 'Inmediato', 40, 'Proyectil de energía natural que inflige 1D6 de daño.', '2008-10-03', 0),
(46, 5, 16, 3, 'Fuego solar', 1, 'Necesita luz solar', 1, 3, 1, 0, 'Inmediato', 40, 'Rayo celestial cargado con energia solar cae directo sobre el enemigo causando 1d6 de daño al objetivo.', '2021-11-16', 0),
(47, 5, 16, 2, 'Fuego lunar', 1, 'Necesita luz lunar', 1, 1, 1, 0, 'Inmediato', 100, 'Rayo lunar cargado con energia solar cae directo sobre el enemigo causando 1d6 de daño al objetivo.', '2021-11-16', 0),
(48, 5, 15, 3, 'Acechador', 0, 'Necesita forma feral.', 3, 4, 4, 0, 'Siempre', 0, 'Ventaja en las tiradas de subterfugio.', '2021-11-16', 0),
(49, 5, 15, 3, 'Forma salvaje', 3, '', 3, 4, 1, 0, 'Inmediato', 0, 'Cambia la forma del druida a un animal de su tamaño. Volver a su forma original no consume maná.', '2021-11-16', 0),
(50, 5, 15, 3, 'Frenesí', 2, 'Necesita forma feral', 3, 4, 1, 0, 'Inmediato', 0, 'Desatas un frenesí furioso y lanza 2 zarpazos al objetivo.', '2021-11-16', 0),
(51, 5, 15, 3, 'Triturar', 1, 'Necesita forma feral', 3, 4, 1, 0, 'Inmediato', 0, 'El siguiente ataque provoca daño maximo.', '2021-11-16', 0),
(52, 5, 17, 3, 'Alivio', 1, '', 1, 1, 1, 0, 'Indeterminado', 40, 'Cura al objetivo 2 PV durante 1D4 turnos', '2021-11-15', 0),
(53, 1, 5, 5, 'Granadas ígneas', 2, '', 1, 2, 3, 1, 'Inmediato', 40, '2 bolas de fuego vil que explotan generando 1D4 de daño c/u.', '2021-11-16', 0),
(54, 1, 1, 1, 'Invocar diablillo', 2, '1 fragmento de alma', 1, 3, 3, 3, 'Inmediato', 0, 'Invoca a un diablillo que lanza una bola de fuego de 1D4+1 a los enemigos.', '2021-11-16', 0),
(55, 1, 3, 1, 'Drenar vida', 1, '', 1, 1, 2, 3, 'Concentración', 20, 'Inflige 1D4 de daño por ronda y te restauras el daño causado', '2021-11-15', 0),
(56, 1, 2, 1, 'Visiones', 1, '', 1, 1, 1, 0, 'Inmediato', 40, 'Provoca que el enemigo vea cosas aterradoras durante 1D6 turnos.', '2008-10-03', 0),
(57, 3, 9, 3, 'Ojo de huracán', 1, '', 1, 3, 1, 0, '2 Rondas', 0, 'En una area melee se genera un huracan que no permite a nadie entrar ni salir a menos que supere una tirada de CON +13', '2021-11-16', 0),
(58, 3, 9, 3, 'Pisoton', 1, '', 1, 3, 1, 0, 'Inmediato', 5, 'Genera un leve temblor que desestabiliza a los enemigos cercanos, si estos no superan una tirada de DES +13 tienen una tirada con desventaja', '2021-11-16', 0),
(59, 3, 11, 3, 'Chaparrón', 1, '', 1, 3, 2, 2, 'Concentración', 40, 'Canaliza una lluvia que cura 1D4 a los aliados en una area de 12 metros', '2021-11-15', 0),
(60, 3, 11, 3, 'Torrente', 1, '', 1, 1, 3, 1, 'Inmediato', 40, 'Corriente de aguas restauradoras que cura a un objetivo amistoso 2D4', '2008-10-03', 0),
(61, 1, 2, 1, 'Miedo', 1, '', 1, 1, 3, 2, '15 min', 20, 'Provoca que el enemigo huya de ti hasta que sufra daño no despreciable o pase el efecto. El coste aumenta igual a la diferencia de nivel con el objetivo.', '2021-11-16', 0),
(62, 3, 10, 3, 'Vientos furiosos', 3, '', 3, 1, 5, 0, 'Inmediato', 40, 'Tus ataques son impulsados por vientos huracanados provocando que consuman solo media accion durante las proximas 2 rondas o siguientes 4 ataques.', '2008-10-03', 0),
(63, 3, 9, 3, 'Relámpago', 1, '', 1, 1, 3, 2, 'Inmediato', 40, 'Relámpago que infligen 1D12 de daño de naturaleza', '2021-10-15', 0),
(64, 3, 9, 3, 'Criogénesis', 5, '', 1, 1, 3, 1, '2 Rondas', 40, 'Congelas al objetivo en un enorme bloque de hielo aumentando su MOD CON y DEF en 10 + LvL del conjurador', '2021-11-15', 0),
(65, 3, 9, 3, 'Ráfaga de lava', 2, '', 3, 1, 3, 1, 'Inmediato', 30, 'Arroja lava fundida contra el objetivo, lo que inflige 5 de daño. Reduce la Defensa del objetivo en -2 o -3 en caso de cuero y tela.', '2021-11-16', 0),
(66, 3, 9, 3, 'Relámpagos encadenados', 0, 'Conocer Relámpago', 3, 4, 4, 0, 'Siempre', 0, 'Por cada lanzamiento consecutivo de relámpago acumulas 1D4 de daño.', '2021-11-16', 0),
(67, 3, 10, 3, 'Terra impacto', 1, 'Un arma cuerpo a cuerpo.', 2, 1, 1, 0, 'Inmediato', 20, 'Lanza tu arma para interrumpir el lanzamiento de un hechizo y aplica daño de arma y mejoras.', '2021-11-16', 0),
(68, 3, 11, 3, 'Corriente marina', 1, '', 2, 1, 3, 1, 'Inmediato', 40, 'Corriente de agua que inflige o restaura 1D4. Si en el turno anterior lanzaste un hechizo de Recuperación distinto de Corriente marina, se lanza otra vez sin costo adicional.', '2021-11-15', 0),
(69, 3, 10, 3, 'Choque de llamas', 1, '', 1, 1, 4, 0, 'Inmediato', 40, 'Tu siguiente ataque melé inflige +3 de daño de fuego además aplica quemaduras durante 1D4 turnos.', '2008-10-03', 0),
(70, 3, 9, 3, 'Borrasca', 1, '', 2, 3, 3, 1, 'Inmediato', 40, 'Tormenta de relampagos que inflige 2D6 de daño en un area 10 metros alrededor de ti. Quedas exhausto incapaz de lazar hechizos el próximo turno.', '2008-10-03', 0),
(71, 3, 11, 3, 'Bruma reconfortante', 1, '', 2, 3, 3, 1, '2 Rondas', 30, 'Genera una bruma que oculta ligeramente a los aliados cercanos en un radio de 10 metros y curandolos 2 PV por ronda', '2021-11-15', 0),
(72, 3, 9, 3, 'Muralla pétrea', 2, '', 2, 3, 3, 1, 'Inmediato', 20, 'Muro de piedra de 2m con 13 DEF que amortigua hasta 5 PV. Puedes volver a lanzarlo para moverlo sin coste adicional. Se puede arrojar a los enemigos para infligir 1D6 en área', '2021-11-16', 0),
(73, 3, 9, 3, 'Barrera glacial', 1, '', 2, 3, 1, 0, 'Indeterminado', 20, 'Muro de hielo de 2m con 11 DEF que amortigua hasta 4 PV. Puedes volver a lanzarlo para moverlo sin coste adicional. Se puede arrojar a los enemigos para infligir 1D4 en área. Si no se reactiva una vez por turno la barrera se derrite.', '2021-11-15', 0),
(74, 3, 18, 3, 'Transición espiritual', 2, 'Conexión espiritual alta', 7, 4, 5, 0, 'Inmediato', 0, 'Tu cuerpo pasa al mundo espiritual durante un parpadeo librándote de ataduras. Se puede usar en el turno enemigo duplicando el coste.', '2021-11-16', 0),
(75, 3, 9, 3, 'Ráfaga', 1, '', 1, 1, 1, 0, 'Inmediato', 2, 'Ráfaga de viento que empuja/atrae o desequilibrar un objetivo .', '2021-11-16', 0),
(76, 3, 10, 3, 'Escudo de viento', 1, 'No tener ningún otro escudo de chaman activado', 2, 4, 5, 0, '30 minutos', 0, 'Te rodeas por 3 esferas de viento que aumentan tu DES en +1 cada una. Al recibir un impacto directo consume una de las esferas para realizar un contraataque melé. ', '2021-11-16', 0),
(77, 3, 9, 3, 'Púa terranea', 1, '', 1, 1, 3, 1, 'Inmediato', 30, 'Fragmento de tierra que perfora el objetivo inflige 1D6 de daño y aumenta el daño recibido en +2 el próximo ataque.  ', '2021-11-16', 0),
(78, 3, 10, 3, 'Escudo de tierra', 3, 'Conocer al menos 3 hechizos de mejora y no tener otro escudo de chaman activo.', 3, 4, 5, 0, '30 minutos', 0, 'Te rodeas por 3 esferas de tierra que aumentan tu CON en +1 cada una. Al recibir un impacto directo consume una de las esferas para curarte 3 + MOD CON.', '2021-11-16', 0),
(79, 3, 10, 3, 'Golpe de tormenta', 2, '', 3, 4, 5, 0, 'Inmediato', 0, 'Tu siguiente ataque melé lanza un relámpago al enemigo además del daño de arma.', '2021-11-16', 0),
(80, 3, 9, 3, 'Tormenta eléctrica', 3, 'Conocer relámpago', 3, 3, 3, 2, 'Inmediato', 40, 'Invoca una tormenta eléctrica que al final de la ronda lanza un relámpago a un enemigo aleatorio. Si se usa en espacios cerrados los relámpagos se vuelen impredecibles.', '2008-10-03', 0),
(81, 3, 9, 3, 'Tormenta de relámpagos', 2, 'Una tormenta eléctrica en el campo de batalla', 3, 3, 3, 1, 'Inmediato', 100, 'Provoca que a cada enemigo dentro de la tormenta eléctrica le caiga un relámpago. ', '2021-11-16', 0),
(82, 3, 9, 3, 'Fuerza del oleaje', 2, '', 3, 1, 3, 1, 'Inmediato', 40, 'Ola que al impactar inflige 2D4 y vuelve curándote todo el daño infligido ', '2008-10-03', 0),
(83, 3, 10, 3, 'Picapiedras', 1, 'Un arma cuerpo a cuerpo sin mejoras de chamán activa.', 1, 4, 5, 0, 'Indeterminado', 0, 'Piedras filosas se incorporan a tu arma otorgando +2 al siguiente ataque melé y +2 daño adicional.', '2021-11-16', 0),
(84, 3, 11, 3, 'Maremoto', 8, 'Conocer al menos 10 hechizos de Recuperación', 10, 3, 3, 1, 'Inmediato', 40, 'Gran ola que inflige 6D4 a los enemigos y cura a los aliados 6D4', '2008-10-03', 0),
(85, 3, 18, 3, 'Visión lejana', 2, '', 3, 3, 2, 0, 'Concentración', -1, 'Mientras canalizas este hechizo puedes proyectar tu espíritu lejos de ti para inspeccionar el área. ', '2021-11-16', 0),
(86, 3, 18, 3, 'Guía', 2, '', 4, 1, 3, 3, 'Inmediato', 100, 'Intenta comunicarse con los espíritus animales del área para que te proporcionen información de la zona.', '2021-11-16', 0),
(87, 3, 10, 3, 'Impacto gelido', 2, 'Un arma cuerpo a cuerpo sin mejoras de chamán activa.', 1, 4, 5, 0, 'Indeterminado', 0, 'Los siguientes 4 ataques melé infligen +2 de daño de escarcha', '2021-11-16', 0),
(88, 3, 19, 3, 'Reacción totémica', 0, 'Un tótem de agua invocado', 4, 3, 4, 0, 'Siempre', 20, 'El primero de cada 4 hechizos de Recuperación que lances es conjurado otra vez por el tótem.', '2021-11-16', 0),
(89, 3, 19, 3, 'Tótem lengua de fuego', 2, 'Un tótem de fuego', 3, 3, 1, 0, 'Inmediato', 40, 'Encanta con fuego las armas de los miembros del grupo provocando +2 de daño extra mientras permanezcan en un radio de 30m del tótem ', '2008-10-03', 0),
(90, 3, 9, 3, 'Replica', 0, 'Un tótem de tierra invocado', 4, 3, 4, 0, 'Inmediato', 0, 'Cuando conjures pisotón el tótem conjura una replica con ventaja', '2021-11-16', 0),
(91, 3, 19, 3, 'Aspiradora totémica', 2, 'Un tótem de aire invocado', 4, 3, 1, 0, 'Inmediato', 5, 'El tótem conjura un remolino que atrapa a todos los enemigo en una área que no superen un control de CON +13', '2021-11-15', 0),
(92, 3, 19, 3, 'Invocar tótem', 0, 'Poseer un tótem en el inventario y no tener invocado ningún otro', 1, 3, 1, 0, 'Inmediato', 40, 'Invoca una representación de un tótem que poseas en un radio de 10m a tu alrededor.', '2008-10-03', 0),
(93, 1, 3, 1, 'Corrupción', 2, '', 2, 1, 3, 1, '3 Rondas', 40, 'Corrompe el interior del objetivo provocando 1D4 de daño de sombras al impactar y 1D6 de daño al final de cada ronda hasta un máx. de 3.', '2021-11-15', 0),
(94, 1, 3, 1, 'Maldición de debilidad', 2, 'El objetivo no puede estar maldito', 1, 1, 1, 0, '2 Rondas', 40, 'Los ataques del objetivo se debilitan en -2.', '2021-11-16', 0),
(95, 1, 3, 1, 'Maldición de agotamiento', 3, 'El objetivo no puede estar maldito', 3, 1, 1, 0, '4 Rondas', 40, 'Reduce la DES del objetivo a la mitad.', '2021-11-16', 0),
(96, 1, 3, 1, 'Maldición de las lenguas', 3, 'El objetivo no puede estar maldito', 4, 1, 1, 0, '2 Rondas', 40, 'Obliga al objetivo a hablar en demoniaco, todos sus conjuros tardan un turno mas y los instantáneos consumen el turno entero.', '2021-11-16', 0),
(97, 1, 1, 1, 'Desterrar', 1, '', 5, 1, 3, 2, '10 Rondas', 30, 'Destierra a otra dimensión un demonio, aberración o elemental de tu nivel o inferior. Esto le impide realizar cualquier acción. El hechizo tiene un -2 por cada enemigo actualmente desterrado.', '2021-11-15', 0),
(98, 1, 3, 1, 'Agonía', 3, '', 2, 1, 1, 0, '4 Rondas', 40, 'Provocas una agonía creciente al objetivo que inflige 1D4 de daño de sombras por ronda. Cada turno agregas un dado adicional', '2021-11-15', 0),
(99, 1, 2, 1, 'Sombras parasitarias', 2, '', 2, 1, 3, 1, 'Inmediato', 40, 'Proyectil de sombras que ignora estructuras e inflige 1D8 de daño de sombras al objetivo, el siguiente hechizo de drenaje hacia ese objetivo tiene +2.', '2021-10-14', 0),
(100, 1, 3, 1, 'Dulces almas', 0, 'Conocer drenar almas', 3, 4, 4, 0, 'Siempre', 0, 'Después de hacer daño con drenar alma te curas 1+MOD SAB.', '2021-11-15', 0),
(101, 1, 4, 5, 'Descarga vil inestable', 1, '', 2, 1, 3, 1, 'Inmediato', 40, 'Proyectil de fuego vil que inflige 1D10 al objetivo. Si fallas la tirada recibes 1D6 de daño.', '2021-11-15', 0),
(102, 1, 3, 1, 'Niebla corrupta', 3, 'Conocer corrupción.', 4, 3, 3, 2, '2 Rondas', 10, 'El brujo emana una niebla oscura durante 2 rondas. Todo el que entre en contacto con la niebla sufre los efectos de corrupción. Puedes gastar 1PM y media acción en desplazar la niebla hasta 10 metros.', '2021-11-16', 0),
(103, 1, 3, 1, 'Profanar', 3, '1 fragmento de alma', 3, 1, 1, 0, 'Inmediato', 30, 'El objetivo recibe el daño de todos los hechizos de daño por ronda que estén actuando sobre él. Dichos hechizos siguen actuando normalmente, pero consumen una ronda de duración.', '2021-11-16', 0),
(104, 1, 2, 5, 'Descarga de caos', 1, '2 fragmento de alma', 3, 1, 3, 2, 'Inmediato', 40, 'Libera una devastadora explosión de caos que inflige 2D10 de daño de todos los tipos. Si el enemigo resiste sufre igualmente la mitad de daño.', '2021-11-15', 0),
(105, 1, 3, 1, 'Éxtasis maléfico', 1, '1 fragmento de alma', 3, 1, 3, 1, 'Inmediato', 100, 'Tus efectos dañinos periódicos estallan en todos los objetivos, lo que inflige 1D6 de daño por cada efecto dañino en el objetivo.', '2021-11-16', 0),
(106, 1, 2, 1, 'Poder inestable', 1, '2 fragmento de alma', 3, 1, 1, 0, 'Combate', 40, 'Durante el resto del combate tus tiradas de hechizo mayores de 17 NAT se consideran critico', '2021-10-14', 0),
(107, 1, 5, 5, 'Inmolar', 1, '', 2, 1, 3, 2, 'Inmediato', 40, 'Quema al enemigo, lo que inflige 1D6 de daño de fuego inmediatamente y 2D4 extras al final de cada ronda durante 3 rondas.', '2021-11-16', 0),
(108, 1, 3, 1, 'Aflicción inestable', 3, 'Conocer al menos 10 hechizos de la escuela aflicción.', 10, 1, 3, 1, '10 Rondas', 30, 'La energía de las sombras destruye poco a poco al objetivo, causando 1D8 de daño al final de la ronda. Al final de la ronda agrega un dado adicional. Además, si se disipa el hechizo, el que lo haya disipado recibe el daño de la ronda y no puede lanzar hechizos durante 1 rondas.', '2021-11-15', 0),
(109, 3, 10, 3, 'Golpe primigenio', 3, 'Un arma cuerpo a cuerpo', 2, 4, 5, 0, 'Inmediato', 40, 'Tu próximo ataque con un arma de cuerpo a cuerpo se considera un éxito.', '2021-10-14', 0),
(110, 3, 11, 3, 'Oleada de sanación', 4, '', 3, 1, 3, 1, 'Inmediato', 30, 'Una oleada de sanación que restaura 6D4 de salud a un objetivo amistoso.\n', '2021-11-16', 0),
(111, 3, 9, 3, 'Escudo de relámpagos', 1, 'Conocer relámpago y no tener ningún otro escudo activado.', 3, 4, 1, 0, '30 minutos', 0, 'Cuando recibas un ataque cuerpo a cuerpo lanza 1D20. Si es mayor o igual que 17 el escudo dispara un relámpago al enemigo.', '2021-11-16', 0),
(112, 3, 10, 3, 'Arma Lengua de Fuego', 1, 'Requiere un arma cuerpo a cuerpo', 3, 4, 1, 0, 'Inmediato', 0, 'Imbuye tu arma con el elemento fuego durante 1 hora, lo que provoca que cada uno de tus ataques inflija 1 de daño de Fuego extra', '2021-11-15', 0),
(113, 3, 11, 3, 'Sanación en cadena', 5, '', 5, 1, 3, 2, 'Inmediato', 30, 'Sana 7D4+MOD SAB al objetivo amistoso y luego salta a los aliados cercanos más heridos para sanarlos. La sanación se reduce 1D4 con cada salto.', '2021-11-16', 0),
(114, 3, 9, 3, 'Cadena de relámpagos', 3, '', 5, 2, 3, 2, 'Inmediato', 40, 'Lanza una descarga de relámpagos al enemigo y salta hasta dos enemigos cercanos con la mitad de daño. El daño se calcula con un dado de ventaja por cada enemigo adicional.', '2021-10-14', 0),
(115, 3, 9, 3, 'Caminar sobre el agua', 0, 'Vial de aceite de pescado.', 6, 1, 1, 0, '10 minutos', 30, 'Permite al objetivo caminar sobre el agua.', '2021-11-15', 0),
(116, 3, 9, 3, 'Llama perpetua', 2, '', 4, 2, 3, 1, 'Inmediato', 40, 'Lanza una bola de fuego que inflige 2D6 de daño a un enemigo aleatorio y luego vuelve a ti. La próxima vez que actives lances Llama perpetua puedes usar el mismo resultado de la tirada de hechizo que en el anterior lanzamiento o volver a tirar.', '2021-10-14', 0),
(117, 3, 9, 3, 'Chispazo', 1, '', 2, 1, 3, 1, 'Inmediato', 40, 'Dispara una descarga eléctrica a un enemigo aleatorio que inflige 1D8', '2021-10-14', 0),
(118, 3, 9, 3, 'Chisporroteo', 2, '', 2, 1, 3, 1, 'Inmediato', 40, 'Descarga eléctrica a un enemigo que inflige 1D6+3 de daño', '2021-10-14', 0),
(119, 6, 21, 2, 'Marca del cazador', 1, 'Solo se puede aplicar una Marca del cazador a la vez', 3, 1, 1, 0, '24 horas', 60, 'Aplica una marca magica al objetivo, lo que hace que el cazador puede ver siempre al objetivo y rastrearlo en caso de que salga del rango. Lanzar este hechizo no rompe el sigilo.', '2021-11-16', 0),
(120, 6, 21, 2, 'Disparo Arcano', 1, 'Requiere Arma a distancia', 3, 1, 1, 0, 'Inmediato', 40, 'Un fugaz disparo de energia arcana que inflige 1D6 de daño', '2021-11-15', 0),
(121, 6, 20, 3, 'Ojos de la bestia', 1, 'Requiere una mascota', 3, 1, 3, 2, 'Inmediato', -1, 'Ves a través de los ojos de tu mascota durante 1 min.', '2021-11-16', 0),
(122, 6, 22, 2, 'Trampa congelante', 2, 'Trampa de acero', 3, 1, 1, 0, '5 Rondas', 20, 'Lanza una trampa de Escarcha que congela al primer enemigo que se acerque durante 1 ronda. El daño anulará el efecto.', '2021-11-16', 0),
(123, 6, 20, 3, 'Aspecto del guepardo', 3, '', 3, 1, 5, 0, '2 Rondas', 0, 'El turno que se activa suma tu MOD DES dos veces y tienes +1 en MOD DES en las proximas 2 rondas', '2021-11-15', 0),
(124, 1, 2, 1, 'Ritual de invocación', 5, '1 fragmento de alma, 2 aliados y no pueden estar en combate ni moverse durante todo el ritual.', 4, 1, 3, 5, 'Inmediato', -1, 'Da comienzo a un ritual que invoca al objetivo desde cualquier parte del mundo siempre que el objetivo lo permita.', '2021-11-16', 0);
